"Feature","Gain","Cover","Frequency"
"Store_Type.S4",0.237814814869601,0.021395458864563,0.00603732162458836
"Location_Type.L2",0.17908764878675,0.0210052580521663,0.0053055250640322
"Discount",0.143893024714184,0.035122719296302,0.0572630808635199
"Week",0.0636567697420432,0.0918135436284402,0.246676423954141
"Location_Type.L1",0.0463190288532905,0.0130735962889333,0.00426881326991096
"Holiday",0.0439532917601816,0.0184433688177848,0.0689718258324186
"IsWeekend",0.0434748991063086,0.0304003330352756,0.0586047078912062
"Store_Type.S2",0.03975178414497,0.0104270755842735,0.00335406756921576
"Day",0.0340116774428662,0.0220045740633983,0.248018050981827
"Store_Type.S1",0.0206431191591299,0.00595988355841735,0.00286620319551165
"Store_id.175",0.0176738302647118,0.0177460268898716,0.00512257592389316
"Month",0.0150585117864094,0.00752195897650228,0.122149042566167
"Store_Type.S3",0.011440042066312,0.012250553972917,0.00286620319551165
"Store_id.337",0.0112660573657658,0.0165208041747666,0.00536650811074521
"Latitude",0.00980880302168986,0.0162334554198718,0.0113428466886206
"Store_id.126",0.00713368830843468,0.0174477679073123,0.00408586412977192
"Store_id.312",0.00683788983518691,0.016106261616575,0.00384193194291987
"Location_Type.L5",0.00617987992058377,0.00679452749802119,0.00274423710208562
"Store_id.146",0.00505639807915502,0.0165390662457454,0.0035370167093548
"Store_id.160",0.00427445109966824,0.0152495990214775,0.00323210147578973
"Longitude",0.00422838041751041,0.0062839915298837,0.00768386388583974
"Location_Type.L3",0.00344663718622956,0.00305915961941014,0.0021953896816685
"Store_id.153",0.00296012612205524,0.015058916635227,0.0031101353823637
"Store_id.87",0.00268184999451782,0.013494190866104,0.00237833882180754
"Distance_To_Center",0.00253763388289802,0.0182683995562105,0.00591535553116234
"Store_id.298",0.00197737674527616,0.0101290885507771,0.00317111842907672
"Holiday_Discount",0.00169418961494871,0.00187929708615844,0.0158555921453836
"Store_id.354",0.00164569134001988,0.0149555852098852,0.00237833882180754
"Store_id.267",0.00132726207365298,0.0114936828560356,0.00207342358824247
"Store_id.227",0.00125422911892622,0.0118402058833248,0.00182949140139041
"Store_id.173",0.00123378150206759,0.0112864254048583,0.0017685083546774
"Location_Type.L4",0.00117008548171807,0.00328756456721821,0.000975728747408221
"Store_id.315",0.00114332492393983,0.0127621316442451,0.00182949140139041
"Store_id.261",0.00106905636444924,0.0120729343603046,0.00182949140139041
"Store_id.176",0.00102658879240624,0.0117786946927108,0.00237833882180754
"Store_id.105",0.000960251467345157,0.00932561734868718,0.00170752530796439
"Store_id.316",0.000834111146225631,0.0115566644153125,0.0017685083546774
"Store_id.156",0.000666146676476907,0.00422337355827184,0.00103671179412123
"Store_id.253",0.000608566508275923,0.00968102711823971,0.00164654226125137
"Store_id.346",0.000581305120326817,0.00928069505091838,0.00170752530796439
"Store_id.294",0.000566312597338099,0.00932025211632489,0.00103671179412123
"Store_id.65",0.00055414286137012,0.00742897544347437,0.00152457616782534
"Store_id.131",0.000532951980409949,0.00852937353864541,0.00109769484083425
"Store_id.286",0.000509969508126988,0.0022146932483939,0.00201244054152945
"Store_id.179",0.000508761201962604,0.00489864151901749,0.00115867788754726
"Store_id.85",0.000494547222829645,0.00974416539392585,0.0013416270276863
"Store_id.132",0.000480989223449525,0.00792972585464867,0.00115867788754726
"Store_id.206",0.000455287922499401,0.00885589217722987,0.00140261007439932
"Store_id.121",0.000454523409208721,0.00966358550375612,0.00115867788754726
"Store_id.94",0.000452375055184022,0.00848387507760746,0.00109769484083425
"Store_id.187",0.000429201848552591,0.00458672977163243,0.000914745700695207
"Store_id.39",0.000404699296715277,0.00832589110920754,0.00146359312111233
"Store_id.336",0.000376333408449221,0.00875782918882116,0.000975728747408221
"Store_id.8",0.000345393241921086,0.0076604640170989,0.000975728747408221
"Store_id.148",0.000340058068714296,0.00785253841380768,0.000975728747408221
"Store_id.6",0.000323464663333566,0.00421465275103004,0.000853762653982193
"Store_id.63",0.000319813539201649,0.00720019714186789,0.000853762653982193
"Store_id.108",0.000316536309294944,0.00704418595650153,0.000975728747408221
"Store_id.178",0.000314780734839395,0.00143048894602421,0.000853762653982193
"Store_id.124",0.000305013961900462,0.000375073069601956,0.000670813513843152
"Store_id.26",0.000304702112257422,0.00828060006694648,0.000914745700695207
"Store_id.212",0.000295335896700888,0.00187549440858207,0.000731796560556165
"Store_id.357",0.000290643181035665,0.00533824026545768,0.00140261007439932
"Store_id.259",0.000288745852120973,0.00709675970248459,0.000853762653982193
"Store_id.284",0.000284149520337599,0.00753359747453903,0.000914745700695207
"Store_id.139",0.00027658363978934,0.00106942816712789,0.000731796560556165
"Store_id.278",0.000269709705025782,0.00465338494791343,0.000670813513843152
"Store_id.57",0.000261796822168714,0.00499415095181734,0.000975728747408221
"Store_id.324",0.000261081441273502,0.00258168159500319,0.000670813513843152
"Store_id.123",0.000253928293181327,0.0066252599481583,0.000731796560556165
"Store_id.150",0.000252574394486554,0.00543498038300043,0.000670813513843152
"Store_id.202",0.000240753541736471,0.00558939213913165,0.000792779607269179
"Store_id.238",0.000238715297146416,0.00662800709462559,0.000731796560556165
"Store_id.41",0.000237662877677016,0.00660135147714181,0.000792779607269179
"Store_id.49",0.000231895298721804,0.00614473056307796,0.000731796560556165
"Store_id.14",0.000203383716254598,0.00303205228992335,0.000731796560556165
"Store_id.241",0.000202515587749161,0.00554642879647794,0.000731796560556165
"Store_id.192",0.000201834622406697,0.00606548737169265,0.000670813513843152
"Store_id.58",0.000191724126041011,0.00613028960690007,0.000914745700695207
"Store_id.330",0.000190530409630893,0.00542745799535846,0.000670813513843152
"Store_id.143",0.000180912114130204,0.00149834254190503,0.00048786437370411
"Store_id.83",0.000180149596128217,0.000329487031747099,0.000731796560556165
"Store_id.147",0.000168799822142441,0.00144156510871028,0.000365898280278083
"Store_id.5",0.000165063485203589,0.00551784187971598,0.000609830467130138
"Store_id.308",0.000160655142658126,0.00488510859615178,0.000548847420417124
"Store_id.52",0.000150112888695121,0.0035796102050831,0.00048786437370411
"Store_id.11",0.000148835192236051,0.00385568459712726,0.000548847420417124
"Store_id.352",0.000143791178672347,0.00278591995065019,0.000548847420417124
"Store_id.195",0.000140546534244685,0.00496183971568362,0.000548847420417124
"Store_id.201",0.000131350591795881,0.00491248326539546,0.000548847420417124
"Store_id.40",0.000128654855100411,0.00409598616411666,0.00048786437370411
"Store_id.217",0.000121903611528225,0.00379996269504158,0.000426881326991096
"Store_id.219",0.000121224450841777,0.00423660226693144,0.000609830467130138
"Store_id.151",0.000106110704533304,0.00233180188982751,0.000426881326991096
"Store_id.158",0.000101983081314611,0.00065596879588233,0.000731796560556165
"Store_id.349",9.8033636105349e-05,0.0020820420266118,0.000365898280278083
"Store_id.199",9.65861177025536e-05,0.0038580629991023,0.000426881326991096
"Region_Code.R3",9.56017223269821e-05,0.000135873126783165,0.000182949140139041
"Store_id.102",9.21614252277655e-05,0.00331061570729022,0.000365898280278083
"Store_id.51",8.98703318084215e-05,0.0027590384771649,0.000304915233565069
"Store_id.282",8.73498373791462e-05,0.00332317145725145,0.000426881326991096
"Store_id.197",8.66829597915653e-05,7.71736129225364e-05,0.00048786437370411
"Store_id.183",8.65481380074676e-05,0.00249165723652562,0.000426881326991096
"Store_id.80",8.56917969559352e-05,0.00330673006220309,0.000365898280278083
"Store_id.61",8.34765245069383e-05,0.00236576786687022,0.000304915233565069
"Store_id.111",8.26501000769609e-05,0.00323840170778849,0.000365898280278083
"Store_id.78",8.19550024986566e-05,0.0033144460407035,0.000426881326991096
"Store_id.109",7.8925004111671e-05,0.00323462207674289,0.000365898280278083
"Store_id.44",7.49527147531971e-05,0.00195582078691338,0.000426881326991096
"Store_id.170",7.30057577980743e-05,1.85524572665119e-05,0.000548847420417124
"Store_id.328",7.03276673341377e-05,0.00275949018916791,0.000365898280278083
"Store_id.248",7.01756949634689e-05,0.00315145636582123,0.000365898280278083
"Store_id.24",6.70266845957901e-05,0.00120685923939083,0.000304915233565069
"Store_id.344",6.69399912083911e-05,0.000349781806739509,0.00048786437370411
"Store_id.154",6.62409538880808e-05,0.000169318252230571,0.000304915233565069
"Store_id.271",6.42529092364894e-05,0.000433744927625666,0.000365898280278083
"Store_id.299",6.29210730969498e-05,0.00275900160271567,0.000304915233565069
"Store_id.99",6.26924346177293e-05,0.00277430910845035,0.000365898280278083
"Store_id.283",6.26416818445008e-05,0.00221071080787756,0.000365898280278083
"Store_id.228",6.1267309200142e-05,0.00135895712383315,0.000243932186852055
"Store_id.137",5.81250281659863e-05,0.00276155054901837,0.000304915233565069
"Store_id.125",5.53352587250258e-05,0.00239305495929699,0.000304915233565069
"Store_id.188",5.33798313245902e-05,3.79852920082794e-05,0.000304915233565069
"Store_id.329",5.31610739724976e-05,0.00183989212785498,0.000243932186852055
"Store_id.256",5.25890965090911e-05,7.75515760270964e-05,0.000304915233565069
"Store_id.97",5.19442084008838e-05,0.00221243007907269,0.000243932186852055
"Store_id.54",4.96456231173059e-05,0.00167356070601166,0.000243932186852055
"Store_id.300",4.83883116459049e-05,0.000160980017399485,0.000670813513843152
"Store_id.287",4.64004099688217e-05,0.000229474306835601,0.000365898280278083
"Store_id.319",4.57697144634698e-05,0.00220013705956219,0.000243932186852055
"Store_id.190",4.56029934779689e-05,0.000163943801255974,0.000304915233565069
"Store_id.30",4.47035980361762e-05,3.62521928946873e-05,0.000365898280278083
"Store_id.9",4.45349325973627e-05,0.00219860676991933,0.000243932186852055
"Store_id.138",4.40804166355372e-05,0.00220506440783993,0.000243932186852055
"Store_id.223",4.22389526270468e-05,0.000102842838889544,0.000243932186852055
"Store_id.240",4.20776074830573e-05,8.78072822179011e-05,0.000121966093426028
"Store_id.3",4.20376445193871e-05,2.34106659519538e-05,0.000182949140139041
"Store_id.22",4.15250014769171e-05,0.00220892700639628,0.000243932186852055
"Store_id.326",4.09952555060455e-05,0.000627128367281941,0.000243932186852055
"Store_id.304",4.06865735426667e-05,3.78239662929185e-05,0.000304915233565069
"Store_id.182",3.91341817494415e-05,3.03891554678542e-05,0.000365898280278083
"Store_id.307",3.89020642238529e-05,0.00121099839631638,0.000304915233565069
"Store_id.262",3.51485798756409e-05,0.0016573359483525,0.000182949140139041
"Store_id.112",3.49757078090727e-05,0.00165173103207025,0.000182949140139041
"Store_id.291",3.49612070167217e-05,0.000185722772829706,0.000182949140139041
"Store_id.218",3.43868021638856e-05,0.00115734146338732,0.000182949140139041
"Store_id.120",3.37629916754103e-05,5.59477580871855e-05,0.000182949140139041
"Region_Code.R2",3.16580065848901e-05,8.62862111873548e-06,0.000121966093426028
"Store_id.91",2.77456902668231e-05,0.00111980327407589,0.000243932186852055
"Store_id.21",2.77358091396952e-05,1.80500428958163e-05,6.09830467130138e-05
"Store_id.232",2.58178887185986e-05,1.51046962639403e-05,6.09830467130138e-05
"Store_id.360",2.57893986649152e-05,8.36128136185158e-06,6.09830467130138e-05
"Store_id.69",2.57214825962704e-05,0.00111557654033344,0.000182949140139041
"Store_id.152",2.5281597692459e-05,3.38784002258044e-05,0.000243932186852055
"Store_id.280",2.46144754596084e-05,0.00111107785752794,0.000121966093426028
"Store_id.77",2.31346861216883e-05,0.000215047178576177,0.000182949140139041
"Store_id.32",2.29104750864076e-05,0.000305596997955215,6.09830467130138e-05
"Store_id.270",2.25754619844204e-05,0.00110509958744728,0.000121966093426028
"Store_id.184",2.24535809819277e-05,1.31411318426896e-05,0.000182949140139041
"Store_id.70",2.23449854884657e-05,4.8397714608292e-06,0.000304915233565069
"Store_id.275",2.17817310586699e-05,0.00111117926226331,0.000121966093426028
"Store_id.166",2.17160755758616e-05,0.00110898984184056,0.000121966093426028
"Store_id.292",2.15286788878576e-05,0.00110427452164586,0.000121966093426028
"Store_id.214",2.12548572868091e-05,0.00110341719070137,0.000121966093426028
"Store_id.274",2.10275214642196e-05,2.85223864758201e-05,0.000182949140139041
"Store_id.246",2.0786974797065e-05,0.000560394832796336,0.000182949140139041
"Store_id.345",2.01060062773901e-05,0.00104728045106191,0.000121966093426028
"Store_id.67",1.78075004240946e-05,1.67041254990905e-05,0.000304915233565069
"Store_id.210",1.7682180090375e-05,7.32142189369628e-05,0.000121966093426028
"Store_id.89",1.74466963094192e-05,2.93428429710844e-05,0.000182949140139041
"Store_id.251",1.73969443577487e-05,3.99027633679984e-05,0.000121966093426028
"Store_id.311",1.70014927538998e-05,1.41136954410086e-05,6.09830467130138e-05
"Region_Code.R4",1.57617862102852e-05,9.37071940939596e-06,0.000121966093426028
"Store_id.211",1.34946902678534e-05,0.000552526747192874,6.09830467130138e-05
"Store_id.29",1.21967502070159e-05,4.64894618608793e-05,0.000182949140139041
"Store_id.207",1.21381957914522e-05,0.000562897686037508,0.000121966093426028
"Store_id.285",1.19655135632588e-05,0.000550037721870162,6.09830467130138e-05
"Store_id.18",1.1662565671965e-05,0.00047698482864856,6.09830467130138e-05
"Store_id.48",1.14887309103743e-05,2.97761177494825e-05,0.000243932186852055
"Store_id.62",1.10769309658063e-05,1.42980676871354e-05,0.000121966093426028
"Store_id.365",1.10117568305092e-05,3.25924038090698e-05,0.000121966093426028
"Store_id.27",1.07312066902403e-05,0.000554264455612619,6.09830467130138e-05
"Store_id.363",1.03360458012249e-05,0.000550378810525496,6.09830467130138e-05
"Store_id.84",1.01119499398537e-05,0.000555831619704697,6.09830467130138e-05
"Store_id.95",1.00433928688301e-05,7.40715498814526e-05,0.000121966093426028
"Store_id.309",1.00384308590899e-05,2.22767766382738e-05,6.09830467130138e-05
"Store_id.281",9.7167151806757e-06,2.3064967990466e-05,0.000182949140139041
"Store_id.335",9.5889380683221e-06,3.98566703064667e-05,6.09830467130138e-05
"Store_id.20",9.55609602946712e-06,5.31406906399046e-05,6.09830467130138e-05
"Store_id.96",9.46430877805916e-06,0.000548318450675029,6.09830467130138e-05
"Store_id.310",9.31925955080239e-06,5.40210681151602e-06,0.000243932186852055
"Region_Code.R1",9.05282417171219e-06,2.83426235358464e-05,0.000121966093426028
"Store_id.133",7.95065513354985e-06,1.09148369707081e-05,6.09830467130138e-05
"Store_id.332",7.35680415898194e-06,7.19650969694536e-05,6.09830467130138e-05
"Store_id.234",7.09147206651397e-06,8.22761148340963e-06,6.09830467130138e-05
"Store_id.56",6.79652042174712e-06,4.09582944770745e-05,6.09830467130138e-05
"Store_id.204",4.57664101637229e-06,6.51294959443015e-06,0.000121966093426028
"Store_id.226",3.86816578990981e-06,2.53050907809069e-06,0.000121966093426028
"Store_id.258",3.70798906537408e-06,7.28731302816282e-06,0.000121966093426028
"Store_id.249",3.41818053139123e-06,9.803994187794e-06,6.09830467130138e-05
"Store_id.101",3.0918666339301e-06,2.99143969340776e-05,6.09830467130138e-05
"Store_id.60",2.75088672913063e-06,3.87642647481653e-06,6.09830467130138e-05
"Store_id.355",2.53963633302562e-06,4.69688297008091e-06,6.09830467130138e-05
"Store_id.269",2.28746980986187e-06,1.65335811714232e-05,6.09830467130138e-05
"Store_id.31",2.26530598101843e-06,8.80377475255597e-06,0.000121966093426028
"Store_id.230",2.14617684065877e-06,1.34822204980242e-05,6.09830467130138e-05
"Store_id.233",2.02786940657033e-06,4.33274778398042e-07,6.09830467130138e-05
"Store_id.43",2.02784240027432e-06,9.07111450943987e-06,0.000121966093426028
"Store_id.128",1.90500505718184e-06,1.73309911359217e-06,6.09830467130138e-05
"Store_id.222",1.89313817299451e-06,4.44337113165652e-06,6.09830467130138e-05
"Store_id.242",1.79601400091355e-06,5.71553962993162e-07,6.09830467130138e-05
"Store_id.340",1.69475309972632e-06,2.67339756883898e-07,6.09830467130138e-05
"Store_id.163",1.68864808822272e-06,3.91791023019506e-07,6.09830467130138e-05
"Store_id.289",1.459560033604e-06,1.13388931367998e-06,6.09830467130138e-05
"Store_id.33",1.45094711022216e-06,1.01404735369755e-07,6.09830467130138e-05
"Store_id.168",1.29715370104191e-06,1.22146613059023e-06,6.09830467130138e-05
"Store_id.231",1.05910193905679e-06,2.02809470739509e-07,6.09830467130138e-05
"Store_id.98",9.15548681880769e-07,1.46575935670827e-06,6.09830467130138e-05
"Store_id.12",6.69378847173024e-07,8.06628576804866e-07,6.09830467130138e-05
