"Store_id","Store_Type","Location_Type","Region_Code","Latitude","Longitude","Avg_Sales","Total_Sales","Sales_SD","Discount_Rate"
1,"S1","L3","R1",40.5888817842118,-80.3552069962025,34698.4423255814,17904396.24,11816.0304341907,0.457364341085271
2,"S3","L1","R3",37.249764774926,-87.6305735544302,46333.8631976744,23908273.41,14839.1611939499,0.451550387596899
3,"S4","L2","R1",40.7952607670799,-80.3556981135625,62479.4489534884,32239395.66,19293.4795730564,0.455426356589147
4,"S1","L1","R2",39.1099117994308,-83.208937905496,38482.236744186,19856834.16,10921.6075282337,0.451550387596899
5,"S1","L1","R3",35.8444501920603,-88.302499266807,43452.710872093,22421598.81,11109.0364857747,0.455426356589147
6,"S4","L1","R1",40.1774460489629,-80.4092188731302,45360.4027325581,23405967.81,17865.2609517443,0.455426356589147
7,"S3","L1","R3",37.1085125585087,-86.3994438641239,45164.0590697674,23304654.48,12734.6555215219,0.455426356589147
8,"S4","L2","R2",39.799724971992,-84.2258926639333,52565.1620930233,27123623.64,13871.7588524135,0.432170542635659
9,"S1","L1","R1",41.0374395245919,-82.375775989145,34843.0854069767,17979032.07,10799.2234401562,0.447674418604651
10,"S4","L2","R3",35.5023832567967,-87.582235756563,58177.0045348837,30019334.34,17200.4546829255,0.451550387596899
11,"S4","L2","R1",41.7266166870948,-82.052620783681,66055.3137790698,34084541.91,20159.0613797931,0.451550387596899
12,"S1","L3","R2",39.6618873131229,-83.8498385830317,34635.7137790698,17872028.31,14334.9301543534,0.451550387596899
13,"S3","L3","R1",41.2518700802699,-82.0559260977898,39300.1222093023,20278863.06,11903.103517933,0.447674418604651
14,"S3","L2","R4",34.9260861475486,-91.71873727208,56756.3627906977,29286283.2,17102.3927751109,0.451550387596899
15,"S4","L2","R1",40.2749719605316,-80.6630882604513,64993.9295348837,33536867.64,12870.082584825,0.437984496124031
16,"S1","L3","R1",41.6297024496831,-81.9817062611692,36926.4654651163,19054056.18,13368.9964211054,0.451550387596899
17,"S1","L1","R2",39.6412354380591,-85.7580835314002,38527.0968023256,19879981.95,10862.0081053789,0.437984496124031
18,"S4","L1","R1",40.1715012070024,-81.7520156037062,53514.5962790698,27613531.68,13497.2911586931,0.455426356589147
19,"S1","L1","R3",36.8900413946249,-87.6366884915624,37833.0887209302,19521873.78,9271.80756572975,0.437984496124031
20,"S1","L1","R1",41.7226562035503,-81.5437189822551,39638.0799418605,20453249.25,11222.8486992173,0.437984496124031
21,"S3","L2","R4",33.8664623743389,-90.842458252795,49477.3251162791,25530299.76,14634.5731775631,0.455426356589147
22,"S1","L1","R4",34.1327151976293,-89.4131439221092,42246.4437790698,21799164.99,11188.3993807415,0.451550387596899
23,"S1","L1","R4",34.9066552653676,-91.7193093656097,37594.0495348837,19398529.56,10437.3314341589,0.439922480620155
24,"S1","L1","R2",38.6424436197849,-85.6744942895602,35574.5863372093,18356486.55,12941.2744780499,0.455426356589147
25,"S1","L3","R1",41.2146998584969,-82.1131778764538,35462.2984302326,18298545.99,8896.35961031534,0.447674418604651
26,"S1","L1","R3",36.4796741032042,-86.7701550747734,44431.9656395349,22926894.27,12159.7410247406,0.455426356589147
27,"S1","L3","R3",36.4885847237892,-88.7069233895745,31246.6701162791,16123281.78,11074.4527731013,0.451550387596899
28,"S3","L2","R3",37.2767431703396,-86.1142837475054,53921.0811627907,27823277.88,16523.6057177311,0.451550387596899
29,"S1","L4","R2",39.6785317513859,-84.3078726886306,29671.9177325581,15310709.55,11158.7341080106,0.439922480620155
30,"S1","L2","R2",38.6581266191788,-85.0833904414903,47102.7797674419,24305034.36,12766.9634420647,0.451550387596899
31,"S1","L5","R2",38.8593919435516,-85.2019729060121,28131.3756395349,14515789.83,8119.90474393712,0.451550387596899
32,"S1","L1","R2",38.9058173085796,-84.1024976312183,40859.5350581395,21083520.09,9159.27370342694,0.437984496124031
33,"S4","L2","R4",34.3525070181349,-89.4053240353242,57172.764244186,29501146.35,18300.497441497,0.451550387596899
34,"S1","L3","R1",41.4522946100682,-80.9995946774725,34907.5951744186,18012319.11,10119.7960321248,0.449612403100775
35,"S1","L1","R2",39.9868548337836,-83.0229948915076,39135.0218604651,20193671.28,9532.751541486,0.437984496124031
36,"S1","L3","R4",34.310384274344,-89.4044387338217,34683.619244186,17896747.53,15072.6526433983,0.453488372093023
37,"S1","L3","R3",35.7914175251499,-86.6098161954433,32385.8644186047,16711106.04,8668.48014250342,0.451550387596899
38,"S1","L3","R2",39.8579643724952,-85.0139237754047,32233.8895348837,16632687,8489.53804228373,0.437984496124031
39,"S4","L1","R1",40.6409077129792,-80.4006222661119,56655.9259302326,29234457.78,18054.7238960209,0.451550387596899
40,"S1","L1","R4",34.581963899429,-91.7596343343612,42429.1730813953,21893453.31,10625.6427863395,0.437984496124031
41,"S1","L1","R2",39.1747037261957,-83.6139298924245,43792.2418604651,22596796.8,11589.8627865265,0.451550387596899
42,"S1","L4","R3",37.1262262649834,-87.5618701626081,30457.2493604651,15715940.67,10393.4537299282,0.453488372093023
43,"S1","L1","R2",38.6237541186856,-84.5839413984213,35956.0397093023,18553316.49,10544.4719326971,0.451550387596899
44,"S1","L3","R2",39.0089688702719,-84.0553914820775,38174.4255813953,19698003.6,10505.0639470081,0.439922480620155
45,"S3","L1","R1",40.3591560711619,-80.9817388167139,43062.9021511628,22220457.51,14966.6744200058,0.455426356589147
46,"S2","L1","R2",38.9754238721216,-84.6015876256861,32362.0170348837,16698800.79,10230.8458218864,0.437984496124031
47,"S4","L2","R2",39.7473528970731,-83.1727781489026,57459.2273255814,29648961.3,13182.1229489317,0.437984496124031
48,"S1","L1","R2",38.8227581239771,-85.2636071040761,37275.0911046512,19233947.01,10569.4948767472,0.437984496124031
49,"S4","L1","R2",39.2469234042801,-85.9326288222801,55980.9830232558,28886187.24,13584.8680060048,0.451550387596899
50,"S3","L2","R4",33.8257756744279,-91.214598601684,49572.3591860465,25579337.34,13162.360079723,0.451550387596899
51,"S1","L1","R2",38.7880349780899,-85.2198534291238,33697.9086046512,17388120.84,9265.08877594683,0.437984496124031
52,"S1","L1","R3",37.138934279792,-87.0846124226227,42911.6835465116,22142428.71,15272.3262834489,0.451550387596899
53,"S3","L1","R2",38.9825883066515,-85.7738562873565,44939.3295930233,23188694.07,18156.2196923324,0.455426356589147
54,"S1","L2","R3",36.8088015331887,-87.0064739610534,43875.9786627907,22640004.99,12983.6405341429,0.451550387596899
55,"S1","L1","R2",38.5419888579054,-83.244382028468,40199.6240116279,20743005.99,12467.3386030161,0.439922480620155
56,"S2","L5","R3",36.4227378536016,-86.7751404785085,26324.9986627907,13583699.31,6652.74961820749,0.437984496124031
57,"S4","L1","R1",40.3168038054137,-82.5720944637433,45412.9975581395,23433106.74,13407.0263173545,0.451550387596899
58,"S1","L1","R1",41.3806233693147,-81.9217013870366,43499.9329651163,22445965.41,13032.6047148292,0.447674418604651
59,"S1","L3","R1",41.6215771105606,-82.2634847974405,33089.5753488372,17074220.88,9526.70615260254,0.451550387596899
60,"S1","L5","R2",39.8366714686854,-85.1316416347399,28169.840755814,14535637.83,10197.5049330666,0.451550387596899
61,"S1","L1","R3",37.3673930410296,-86.7792161384132,42016.6625581395,21680597.88,14052.7043974129,0.439922480620155
62,"S2","L5","R1",40.261229123571,-82.4024847964756,24454.406744186,12618473.88,6292.96192157626,0.437984496124031
63,"S1","L1","R2",39.0823069956386,-84.5598609764129,44453.616744186,22938066.24,10547.9096950888,0.437984496124031
64,"S3","L1","R2",38.7407126387116,-83.7131748013198,44305.2372093023,22861502.4,9302.10946786926,0.437984496124031
65,"S1","L2","R2",39.7938278462971,-85.0141642249655,53128.9040116279,27414514.47,18859.1971304101,0.437984496124031
66,"S3","L3","R3",36.3152613155544,-86.2690906692296,39500.7163372093,20382369.63,10925.3574344614,0.455426356589147
67,"S2","L5","R1",41.477109400183,-80.0275288019329,20157.9676744186,10401511.32,10600.1852412043,0.455426356589147
68,"S1","L2","R4",34.1888612258481,-91.0699252143968,47558.3236046512,24540094.98,13471.6441703938,0.451550387596899
69,"S1","L1","R4",33.8622533751186,-91.5886073620059,34486.4079651163,17794986.51,7734.27075896346,0.437984496124031
70,"S1","L1","R3",36.0184896821156,-86.7103542762343,36120.9138953488,18638391.57,13218.9404402998,0.408914728682171
71,"S2","L5","R1",41.3826077696867,-81.3258612747304,21146.7054069767,10911699.99,5922.10207251488,0.451550387596899
72,"S1","L2","R3",36.2316909465007,-88.3198184838984,49292.4168604651,25434887.1,13107.0603142737,0.451550387596899
73,"S3","L2","R4",33.9304364288691,-89.5581303846557,53277.6015116279,27491242.38,14710.1305970504,0.451550387596899
74,"S3","L1","R2",38.6491687350208,-85.6219184044749,47613.4880813953,24568559.85,13480.963683085,0.455426356589147
75,"S3","L2","R3",36.0255926083773,-88.8651767410338,52772.4086046512,27230562.84,15022.3357037237,0.451550387596899
76,"S2","L3","R3",37.4372823359445,-86.9912947597913,28349.9659302326,14628582.42,7990.29349152885,0.437984496124031
77,"S2","L5","R3",36.4769909647293,-86.7611684801523,21475.8293023256,11081527.92,6276.48179210632,0.451550387596899
78,"S1","L1","R4",34.4728345229523,-91.7986381433439,35057.5372674419,18089689.23,11993.1058865203,0.451550387596899
79,"S2","L5","R4",34.8744586094981,-90.6943746937905,24957.4662209302,12878052.57,8923.88182300726,0.451550387596899
80,"S1","L1","R1",40.2889302213909,-81.3138654308859,34674.1183139535,17891845.05,10816.8287845006,0.451550387596899
81,"S3","L2","R1",40.5141531036235,-81.3479307251982,50561.1343604651,26089545.33,15364.0991047629,0.451550387596899
82,"S4","L2","R1",41.2356944986619,-81.2229041431565,62960.1499418605,32487437.37,18733.8785824638,0.455426356589147
83,"S2","L5","R1",40.8099995254539,-80.8165614118334,18693.4552325581,9645822.9,5704.16017515965,0.451550387596899
84,"S1","L1","R3",37.2682672147639,-87.0778699994553,41318.3315697674,21320259.09,10892.4291535034,0.451550387596899
85,"S4","L2","R1",40.2748698952375,-81.1566495054867,70165.8016860465,36205553.67,21108.0729016369,0.447674418604651
86,"S1","L1","R4",33.5037182153901,-90.022377145011,34409.25,17755173,9072.85591198994,0.437984496124031
87,"S4","L2","R3",36.0900185424834,-86.1651492619421,71577.5516860465,36934016.67,27029.9311894982,0.451550387596899
88,"S2","L5","R2",38.8607960523805,-84.6400998800527,24150.8259302326,12461826.18,6853.19177748449,0.437984496124031
89,"S1","L4","R1",41.6069974033395,-81.114298774628,29596.2501744186,15271665.09,9746.30910609941,0.453488372093023
90,"S1","L1","R3",36.6233512177132,-86.0857156182174,40737.2525,21020422.29,14513.3588410374,0.451550387596899
91,"S3","L1","R1",40.3221826756606,-82.7531898738816,47365.9109883721,24440810.07,11420.8215712288,0.437984496124031
92,"S1","L4","R2",39.7177411240991,-83.3100678059272,30073.3590116279,15517853.25,9889.01943538635,0.453488372093023
93,"S1","L1","R4",34.6827078935457,-90.0714195738547,36928.3522093023,19055029.74,9402.07775225729,0.447674418604651
94,"S4","L2","R2",38.7323675886728,-84.4901449661702,52532.8275581395,27106939.02,11014.7817425853,0.437984496124031
95,"S3","L1","R1",40.6446345122298,-82.562270374503,39792.3713953488,20532863.64,9899.67978744449,0.447674418604651
96,"S3","L1","R3",35.6517142606899,-86.5931488990318,47396.0870348837,24456380.91,13810.0262352468,0.451550387596899
97,"S4","L1","R1",41.4299003122374,-81.54064976261,53775.6718023256,27748246.65,12505.1219482033,0.453488372093023
98,"S2","L5","R2",39.1960249402327,-85.6685196647886,23388.7281976744,12068583.75,7114.46210306917,0.451550387596899
99,"S1","L1","R3",36.1791110280901,-88.9660189794376,42135.9885465116,21742170.09,13017.0338867992,0.443798449612403
100,"S1","L1","R2",39.3774048360065,-84.3650707190391,37053.7669767442,19119743.76,10299.6908140778,0.451550387596899
101,"S1","L4","R3",35.5082138809375,-87.1781933072489,28951.733372093,14939094.42,7976.74656275431,0.437984496124031
102,"S4","L2","R1",40.6658000185387,-81.444088408025,57994.045872093,29924927.67,16660.6502255214,0.451550387596899
103,"S1","L3","R3",36.4259504224174,-86.8723740219139,35177.3528488372,18151514.07,10456.478864928,0.451550387596899
104,"S1","L1","R2",38.9242785994429,-84.7345636473037,35852.7724418605,18500030.58,8712.91888423458,0.437984496124031
105,"S4","L2","R1",40.920934075187,-80.1168169975281,52342.3077906977,27008630.82,14268.5459466922,0.455426356589147
106,"S1","L1","R4",34.7878871109569,-89.4786219645757,38370.2386627907,19799043.15,10318.1272944185,0.453488372093023
107,"S1","L3","R3",36.9076259001158,-88.1810678821057,33910.5784302326,17497858.47,14192.2338023304,0.455426356589147
108,"S1","L1","R4",34.2336372478167,-89.1408742952626,44973.8193023256,23206490.76,11417.7574250777,0.451550387596899
109,"S1","L1","R1",40.7981726201018,-82.8867974579334,42261.3061046512,21806833.95,12281.5630835111,0.451550387596899
110,"S2","L3","R3",35.6944789113477,-87.8430971940979,31209.5090697674,16104106.68,8634.7172435039,0.451550387596899
111,"S1","L1","R2",39.1667910953984,-84.5681470024865,42623.9084883721,21993936.78,13081.3783938017,0.451550387596899
112,"S1","L1","R3",36.9726680582389,-87.7544268572237,35567.0777325581,18352612.11,8921.97183102546,0.451550387596899
113,"S2","L3","R3",36.7254469371401,-87.37351448345,29586.5856395349,15266678.19,7788.04226335333,0.451550387596899
114,"S3","L1","R4",34.6780229276046,-91.368299763184,46851.2163372093,24175227.63,13744.6833353095,0.451550387596899
115,"S4","L2","R1",41.3250136648305,-80.735648044385,64783.9094186046,33428497.26,18347.5052557505,0.455426356589147
116,"S2","L3","R3",36.0255125556141,-88.9064472618047,29413.8548837209,15177549.12,7770.80767184898,0.447674418604651
117,"S1","L1","R3",37.2967216623947,-88.5030403884593,36982.1083139535,19082767.89,10214.2065869538,0.451550387596899
118,"S2","L1","R4",33.8835096755065,-91.7502474221401,33882.4899418605,17483364.81,8537.62721382116,0.447674418604651
119,"S1","L1","R3",35.9724698718637,-88.5728358877823,41202.3249418605,21260399.67,11622.0877016778,0.451550387596899
120,"S3","L2","R2",39.8990216185339,-85.0233209065627,55025.245,28393026.42,17688.2062765152,0.447674418604651
121,"S1","L1","R4",34.7205025466392,-90.3666864621919,45410.0062209302,23431563.21,12330.6768032507,0.451550387596899
122,"S1","L1","R2",38.6915585318347,-85.9850264640991,39739.3468023256,20505502.95,11997.9016451312,0.451550387596899
123,"S4","L2","R3",37.4834904707968,-86.4379158874508,53580.2803488372,27647424.66,14648.7363904705,0.451550387596899
124,"S3","L2","R3",36.9302670555189,-88.0085331785958,54132.104127907,27932165.73,21829.739993928,0.451550387596899
125,"S4","L2","R1",40.7281310719205,-82.2270560117904,58602.7543604651,30239021.25,15846.6827813407,0.455426356589147
126,"S4","L2","R2",39.9571571002016,-83.5451234926004,89829.1288953488,46351830.51,23334.7368389909,0.451550387596899
127,"S4","L2","R2",38.6057334665675,-85.6463246101048,60274.1304069767,31101451.29,18269.5080057721,0.451550387596899
128,"S1","L2","R2",39.1896777898073,-84.0099269866478,44912.7781976744,23174993.55,14301.6682685724,0.451550387596899
129,"S3","L1","R1",40.3412417432293,-82.1960912023205,41130.8400581395,21223513.47,13932.9717129007,0.451550387596899
130,"S1","L1","R3",37.278042985592,-88.1592105203308,36244.2290116279,18702022.17,8649.39415301819,0.437984496124031
131,"S4","L2","R1",41.1527360217646,-81.5776493977755,68161.4469767442,35171306.64,20849.0938258024,0.455426356589147
132,"S1","L1","R3",35.5847213575616,-88.349645301234,44829.9371511628,23132247.57,16758.9963731521,0.453488372093023
133,"S1","L1","R4",33.8390955572249,-89.1881268811412,39474.1377325581,20368655.07,12095.0745965957,0.451550387596899
134,"S1","L4","R1",41.3530321544735,-81.3253880897537,30260.204127907,15614265.33,10256.3058882291,0.451550387596899
135,"S1","L1","R4",34.2964036007179,-91.7383034385275,38311.4476744186,19768707,10527.3507665138,0.451550387596899
136,"S2","L5","R4",33.5069572262,-89.4753259830177,22622.779244186,11673354.09,5885.62430733416,0.437984496124031
137,"S4","L1","R1",41.4970692822477,-82.2666607089341,47005.249127907,24254708.55,13543.1735520647,0.451550387596899
138,"S1","L1","R1",41.4366786378901,-82.6088644634001,35173.7935465116,18149677.47,12363.9827565564,0.447674418604651
139,"S4","L2","R2",38.6199593684869,-85.2269582787994,63882.7472674419,32963497.59,20148.1143173533,0.455426356589147
140,"S4","L1","R1",40.8470336116152,-81.859987254953,48779.4005232558,25170170.67,14352.6414620026,0.439922480620155
141,"S1","L1","R2",38.7670207219198,-85.934720620513,37477.9562209302,19338625.41,8980.95341365228,0.437984496124031
142,"S2","L1","R3",35.8395381001756,-88.4177972993348,30876.8551744186,15932457.27,7955.89802457809,0.437984496124031
143,"S3","L2","R3",37.023970646318,-86.5505098425783,56113.2047674419,28954413.66,13362.5263913321,0.437984496124031
144,"S1","L3","R3",36.554789881222,-87.1416438200977,36218.0341860465,18688505.64,10036.1404017617,0.447674418604651
145,"S1","L3","R1",41.5326398421079,-81.293848910369,36124.4405232558,18640211.31,12223.3894541096,0.451550387596899
146,"S4","L2","R1",40.492975029489,-82.33759176475,84685.4470348837,43697690.67,23557.8804651638,0.451550387596899
147,"S4","L2","R4",33.9826161370147,-90.8623707392253,63217.8574418605,32620414.44,17807.1921694828,0.447674418604651
148,"S1","L1","R2",39.7901602691272,-83.1608133187983,32722.1554069767,16884632.19,7995.7706309946,0.451550387596899
149,"S2","L3","R2",39.09349095996,-83.2073497765232,30221.1465116279,15594111.6,9967.15500733111,0.455426356589147
150,"S4","L2","R1",41.3446298494004,-80.6468054782599,66455.878255814,34291233.18,21347.4524728581,0.455426356589147
151,"S1","L3","R2",38.7576151089743,-84.0501840549987,30592.3390116279,15785646.93,8104.83524505136,0.447674418604651
152,"S2","L1","R1",40.9457963540452,-82.565320558846,34448.5771511628,17775465.81,8718.86380891136,0.437984496124031
153,"S4","L2","R1",40.7594453507336,-82.0350878685713,79276.1080232558,40906471.74,23770.4528780194,0.451550387596899
154,"S1","L3","R2",38.5939749975223,-83.2338143365923,36796.4387209302,18986962.38,15265.1942416855,0.451550387596899
155,"S3","L1","R2",39.7226222426398,-85.492278158199,45546.9498255814,23502226.11,11633.9229055274,0.455426356589147
156,"S1","L1","R3",37.38519772375,-86.0673526886385,44356.1516860465,22887774.27,18318.9553055854,0.451550387596899
157,"S4","L2","R1",41.0722900337772,-81.6225245741662,60702.8702906977,31322681.07,11966.8771601815,0.437984496124031
158,"S4","L2","R2",38.9681691878941,-84.9037841092795,63050.5820348837,32534100.33,15830.3409052084,0.443798449612403
159,"S2","L1","R3",36.0188533402979,-87.9695832435973,30936.6927325581,15963333.45,7435.69147830748,0.437984496124031
160,"S4","L2","R1",40.4705841368297,-80.9741195011884,83666.5408139535,43171935.06,21579.3190168241,0.455426356589147
161,"S1","L1","R3",36.6313086869195,-86.2779039833695,38005.0469767442,19610604.24,11438.1385354958,0.451550387596899
162,"S4","L1","R2",39.8548503404018,-83.5290008711163,51033.9223255814,26333503.92,14845.4644960056,0.451550387596899
163,"S1","L2","R3",36.8392070918344,-88.1070083207451,49373.1579651163,25476549.51,13566.7785706007,0.451550387596899
164,"S1","L1","R3",36.5930455885828,-87.0243726121262,36477.4528488372,18822365.67,11533.6901021993,0.451550387596899
165,"S1","L1","R2",38.954331436893,-84.5120849420782,38350.7000581395,19788961.23,9924.61068747193,0.437984496124031
166,"S1","L1","R2",39.9087076009018,-85.8011950966902,35410.4923255814,18271814.04,10167.432541603,0.439922480620155
167,"S1","L1","R2",39.5314113725908,-85.8870565083344,35322.0640697674,18226185.06,10382.4778379889,0.455426356589147
168,"S2","L3","R3",36.2618074002676,-87.3686032225378,30827.6398837209,15907062.18,8848.51650450586,0.451550387596899
169,"S1","L2","R4",33.7196353164036,-90.3039660190698,47240.1070930233,24375895.26,11244.3469393225,0.439922480620155
170,"S1","L1","R2",38.5592487967806,-84.7328411752824,42091.7623837209,21719349.39,12722.4159114499,0.439922480620155
171,"S4","L2","R3",37.3473984263837,-86.2863832723815,56155.0506976744,28976006.16,17656.7357822957,0.451550387596899
172,"S1","L1","R1",40.4125084343366,-82.0981384748593,39324.1405232558,20291256.51,9645.06200161861,0.447674418604651
173,"S4","L2","R1",41.568194989441,-80.7437399867922,72455.7427325581,37387163.25,14525.7709044533,0.437984496124031
174,"S1","L1","R4",33.6318419221789,-91.4544702540152,37054.57,19120158.12,9334.77887110342,0.437984496124031
175,"S4","L2","R1",41.2360839045374,-81.6543256817386,101860.959593023,52560255.15,31750.856434255,0.453488372093023
176,"S4","L2","R3",36.5226291930303,-87.7037972263061,68539.3279069767,35366293.2,20400.4188112732,0.451550387596899
177,"S2","L1","R4",34.5878419280052,-91.8168752298225,33452.4943604651,17261487.09,7644.55187066925,0.437984496124031
178,"S3","L2","R3",37.3067245758139,-86.2877057145815,47465.7225581395,24492312.84,18545.3325795784,0.451550387596899
179,"S1","L1","R2",38.9152826087084,-83.8158459158149,44730.4913372093,23080933.53,14234.0655437951,0.447674418604651
180,"S1","L3","R2",39.6296651493758,-84.2856921472121,31769.551627907,16393088.64,8856.45339828407,0.437984496124031
181,"S3","L1","R3",35.5077926861122,-87.594874688657,42443.226744186,21900705,16643.2770947856,0.451550387596899
182,"S3","L1","R1",40.6311618803535,-81.6577313279267,40034.0560465116,20657572.92,11324.9351887499,0.447674418604651
183,"S1","L3","R1",41.3040935477708,-82.832969854353,38385.2714534884,19806800.07,11488.5728649535,0.451550387596899
184,"S1","L2","R2",39.703357325634,-84.5875387485139,43911.6313372093,22658401.77,11558.7151646913,0.437984496124031
185,"S1","L1","R3",36.127685144078,-86.4572611600161,40739.7493023256,21021710.64,11085.597593549,0.447674418604651
186,"S2","L5","R2",38.9913960985141,-85.2573051129002,23489.1501162791,12120401.46,6817.07565578148,0.437984496124031
187,"S1","L1","R1",40.5505556434859,-82.1979613816366,33253.0004069767,17158548.21,14469.3101793767,0.439922480620155
188,"S3","L2","R1",41.0598037391202,-81.2041991802398,54165.3541860465,27949322.76,14713.5546609615,0.437984496124031
189,"S2","L3","R3",36.2678733430803,-88.9556162189692,29688.3311627907,15319178.88,7914.06116252795,0.447674418604651
190,"S3","L3","R1",41.633186462149,-80.0235246787779,40640.0093023256,20970244.8,9833.30034989003,0.451550387596899
191,"S3","L1","R1",40.5660832565511,-82.4264301175717,41824.7948837209,21581594.16,9233.23508800349,0.437984496124031
192,"S1","L1","R3",35.5838389969431,-88.7666843042243,43624.7254651163,22510358.34,11403.0967408236,0.455426356589147
193,"S2","L3","R4",34.3239196907962,-90.006934388075,28894.7938372093,14909713.62,7662.47404214392,0.451550387596899
194,"S1","L1","R2",39.2647643490927,-84.8673798323143,40785.4313953488,21045282.6,10811.7556438353,0.451550387596899
195,"S4","L1","R1",41.6934339515632,-82.989393515978,54557.6506976744,28151747.76,14306.5931946789,0.447674418604651
196,"S1","L1","R3",36.8689729459584,-86.7940579561982,40271.5238953488,20780106.33,11228.6565380265,0.447674418604651
197,"S2","L5","R1",40.7916154085426,-81.6858214868698,25876.7413953488,13352398.56,12284.2772581263,0.455426356589147
198,"S4","L2","R3",36.6093636588193,-88.6896818238311,60682.2779069767,31312055.4,22520.1962335624,0.451550387596899
199,"S1","L1","R4",34.7721615206683,-89.8989447653294,34263.3045348837,17679865.14,7222.54242011197,0.437984496124031
200,"S2","L1","R2",39.475392250577,-83.8679044907913,35648.9397674419,18394852.92,10024.0098634693,0.439922480620155
201,"S4","L1","R1",40.5058342456352,-82.2477906483691,54363.7980232558,28051719.78,14584.0988167408,0.455426356589147
202,"S4","L2","R2",39.092880642158,-85.9696528005879,54077.2186627907,27903844.83,14763.6366930903,0.451550387596899
203,"S2","L4","R2",39.7184572428232,-85.2291473965161,27538.4964534884,14209864.17,9572.89397875734,0.437984496124031
204,"S4","L1","R3",36.6927259215154,-86.8022315062117,49400.9913372093,25490911.53,14880.2524938707,0.451550387596899
205,"S1","L1","R2",39.8276989773149,-83.2194117584731,40576.459244186,20937452.97,11254.9913048351,0.451550387596899
206,"S1","L1","R1",41.596419120091,-81.2774308009539,45645.8431395349,23553255.06,12439.0218551673,0.437984496124031
207,"S1","L1","R3",36.5519485482946,-88.1345167665277,41163.0251162791,21240120.96,9653.29841411263,0.437984496124031
208,"S3","L1","R1",40.5900067771785,-81.2300026176963,42026.9305232558,21685896.15,14703.3106571995,0.439922480620155
209,"S1","L1","R1",40.3900968996808,-82.3312149797566,35751.1131395349,18447574.38,12092.7962187633,0.451550387596899
210,"S1","L5","R1",40.3926919688471,-82.6895231041126,27360.5969767442,14118068.04,6831.9661729318,0.451550387596899
211,"S4","L2","R1",40.9194724293891,-80.7904819191899,59142.0811046512,30517313.85,16681.2348820553,0.455426356589147
212,"S4","L2","R3",36.4804483964108,-86.8660392973106,63289.3988372093,32657329.8,17065.8863028242,0.443798449612403
213,"S1","L1","R2",38.5275461255806,-85.3268835991621,41850.6134883721,21594916.56,8844.76804573083,0.437984496124031
214,"S1","L1","R4",34.5269130443921,-91.3511755343061,35622.6465697674,18381285.63,10079.1710998899,0.451550387596899
215,"S3","L2","R1",40.1810281666229,-80.7654918497428,51294.2114534884,26467813.11,15025.4144247064,0.451550387596899
216,"S2","L5","R1",41.2914502487052,-81.6955095629673,23147.3796511628,11944047.9,5211.60768921925,0.451550387596899
217,"S4","L1","R1",40.6982106853742,-82.4756745880004,45575.085872093,23516744.31,14975.2651313414,0.447674418604651
218,"S1","L3","R2",39.781149966293,-84.0272143881302,30992.5619767442,15992161.98,10434.0943101306,0.437984496124031
219,"S4","L2","R1",41.4956172507256,-80.7126254367176,66522.0843023256,34325395.5,19662.6964331559,0.451550387596899
220,"S2","L4","R3",36.1081049381755,-87.3656834962312,27703.6804651163,14295099.12,7078.37616111323,0.437984496124031
221,"S1","L1","R2",38.72700725717,-83.4091840120964,38496.0252325581,19863949.02,9598.96372940081,0.437984496124031
222,"S4","L2","R2",38.9227175045526,-83.974998250138,59841.9905813954,30878467.14,19634.0424915045,0.451550387596899
223,"S2","L5","R2",39.5000577367609,-85.5155963334255,26915.5027325581,13888399.41,10285.7354834555,0.453488372093023
224,"S1","L2","R2",39.9660753651988,-85.9637290798128,45748.3271511628,23606136.81,12315.625815092,0.437984496124031
225,"S1","L1","R1",40.1898347027134,-81.5631544231437,36451.3593023256,18808901.4,13638.9891912652,0.451550387596899
226,"S2","L5","R4",34.7091642142041,-91.6309905964881,23202.0950581395,11972281.05,9156.33591466168,0.451550387596899
227,"S4","L2","R1",40.9123371457448,-82.7101392925251,50912.2839534884,26270738.52,11281.9063139299,0.437984496124031
228,"S1","L1","R1",41.0524305482628,-80.1473292952869,33974.9073255814,17531052.18,13058.9715899935,0.451550387596899
229,"S1","L1","R2",38.6803556928644,-84.1527318074368,38544.7876744186,19889110.44,10876.2889797589,0.437984496124031
230,"S2","L4","R4",34.9630475196755,-90.4956345595419,25076.6853488372,12939569.64,7196.8825878594,0.437984496124031
231,"S4","L2","R3",36.5163161694072,-87.2482288035098,56866.0622674419,29342888.13,17245.2061228378,0.451550387596899
232,"S1","L1","R4",34.2330103027634,-89.4862179644406,35578.5659302326,18358540.02,8934.1279823439,0.437984496124031
233,"S1","L3","R3",36.7465227670036,-88.9719663707074,32133.8034883721,16581042.6,10799.4476318182,0.451550387596899
234,"S2","L4","R2",39.8415019381791,-84.8539430114906,26852.1912209302,13855730.67,7810.02609453281,0.437984496124031
235,"S1","L1","R3",37.3158928016201,-86.2765955668874,38887.9530813953,20066183.79,10822.6822610735,0.439922480620155
236,"S1","L1","R3",36.6388865495101,-88.667667320231,38935.5847674419,20090761.74,10328.9338607683,0.437984496124031
237,"S2","L3","R3",36.5965611478314,-87.6025369900744,27258.2218604651,14065242.48,7603.17974338553,0.447674418604651
238,"S1","L1","R2",38.8387276349822,-83.4622151001822,33061.1973255814,17059577.82,7855.13060574029,0.437984496124031
239,"S3","L1","R3",37.024056664668,-87.6036426175851,46068.7144186046,23771456.64,11736.4298228776,0.455426356589147
240,"S3","L2","R3",36.4567388934083,-86.3749383748509,49657.6375,25623340.95,11523.7454374679,0.455426356589147
241,"S1","L1","R4",33.7555534709245,-91.3845950351097,43472.7161046512,22431921.51,11325.3235819876,0.451550387596899
242,"S4","L1","R1",41.2259399914183,-82.0295908062253,49165.0398837209,25369160.58,15100.1204498701,0.451550387596899
243,"S4","L2","R2",39.7340760874795,-85.9554563334677,56309.1298837209,29055511.02,15813.8603740849,0.437984496124031
244,"S2","L5","R4",34.7658720621839,-91.3150379164144,26246.9045930233,13543402.77,9523.90540851091,0.453488372093023
245,"S4","L1","R2",39.061254081782,-85.7948444639333,50909.7175,26269414.23,10813.9107681599,0.437984496124031
246,"S3","L1","R3",36.7864431189373,-88.5838599666022,47211.2269186047,24360993.09,19069.2899300137,0.453488372093023
247,"S1","L1","R3",37.3962376755662,-87.3284175763838,38209.5279651163,19716116.43,10858.370703179,0.451550387596899
248,"S1","L1","R2",38.5329905729741,-83.9726900025271,34585.1733139535,17845949.43,9999.49904551037,0.451550387596899
249,"S1","L3","R2",39.9895671705017,-85.8319397966843,36765.1788372093,18970832.28,13603.3703772706,0.451550387596899
250,"S2","L3","R4",34.481940117199,-91.436920103617,29409.9172093023,15175517.28,7708.72559580318,0.437984496124031
251,"S2","L3","R1",40.5372684689704,-80.6972021684051,31343.4287790698,16173209.25,11075.7784529934,0.451550387596899
252,"S3","L2","R1",40.4770394889172,-81.434312899597,51991.910872093,26827826.01,14444.1613050457,0.451550387596899
253,"S4","L2","R1",41.1081776078558,-81.8164774486795,54738.2571511628,28244940.69,19352.9351974266,0.455426356589147
254,"S4","L1","R1",40.5547864346299,-80.1026394993532,48217.2950581395,24880124.25,14944.3946839355,0.451550387596899
255,"S3","L2","R4",34.3961777999066,-91.098895250354,51062.3020348837,26348147.85,14040.6452868574,0.447674418604651
256,"S1","L2","R4",33.5373474041699,-91.9517245718744,48304.0806976744,24924905.64,11016.4210725003,0.437984496124031
257,"S1","L3","R1",40.3857033779146,-80.9094828034285,33208.6375,17135656.95,9576.74034227175,0.447674418604651
258,"S2","L4","R4",33.6970673815813,-91.7367599194404,25993.5737209302,13412684.04,6958.09687122099,0.449612403100775
259,"S4","L1","R1",40.9016796719749,-82.6748617535923,44195.061744186,22804651.86,11197.0635187465,0.437984496124031
260,"S1","L1","R4",33.6381941778818,-89.4919753624126,35944.6886046512,18547459.32,9359.99645913316,0.451550387596899
261,"S4","L2","R1",41.673703524936,-81.073623391334,51890.6552325581,26775578.1,15899.3196983033,0.451550387596899
262,"S1","L1","R1",41.5993618508102,-81.8086671864148,41705.2623255814,21519915.36,12407.2890453777,0.451550387596899
263,"S1","L5","R1",41.2461176322773,-80.028709228849,28894.4148255814,14909518.05,11722.8757331761,0.451550387596899
264,"S3","L1","R3",36.3003383567557,-87.8315619386267,45512.1528488372,23484270.87,14753.0063933258,0.451550387596899
265,"S2","L4","R2",38.9567166859051,-83.3682864503935,27621.0068023256,14252439.51,7624.95737821421,0.437984496124031
266,"S1","L1","R4",34.4733237194596,-90.0823396639898,36808.3624418605,18993115.02,10780.9681040047,0.437984496124031
267,"S4","L2","R1",40.671763050044,-82.0962447926868,51765.0868023256,26710784.79,15232.5858430677,0.437984496124031
268,"S1","L2","R1",40.6904518733965,-82.7164534081239,45525.7059883721,23491264.29,13896.618540487,0.455426356589147
269,"S1","L4","R1",40.1340413109399,-82.9193734794389,32014.2815697674,16519369.29,7604.49727475119,0.437984496124031
270,"S1","L1","R2",38.6561179540586,-84.648162858095,34373.1579651163,17736549.51,9680.88650079444,0.451550387596899
271,"S1","L3","R2",38.8299747665878,-85.4091164087877,38394.1960465116,19811405.16,11404.0598981225,0.451550387596899
272,"S2","L4","R2",39.9309268716024,-84.1814375438262,27832.2080813953,14361419.37,9523.03990364185,0.451550387596899
273,"S2","L3","R4",34.3783506562468,-90.8862069873139,27407.723372093,14142385.26,7037.88367199953,0.447674418604651
274,"S4","L2","R4",33.7231669656467,-89.2797594293952,58477.6220348837,30174452.97,18221.7326829237,0.451550387596899
275,"S4","L1","R1",41.4095679262653,-82.7974408136215,47333.7219186046,24424200.51,13118.4503932335,0.445736434108527
276,"S1","L1","R2",39.3907577396603,-84.9813837960828,41697.4656976744,21515892.3,12024.650505472,0.455426356589147
277,"S1","L3","R1",41.7521885806462,-81.9397586383857,33807.7772093023,17444813.04,10928.0269719498,0.451550387596899
278,"S4","L1","R4",34.1083122832933,-90.4321880724747,55767.9283139535,28776251.01,14685.5090160329,0.451550387596899
279,"S2","L3","R2",39.0777873899788,-84.7423015017994,28785.5298255814,14853333.39,6636.85849303622,0.437984496124031
280,"S4","L2","R2",38.6354831263889,-85.8579849801026,62768.0229651163,32388299.85,17919.4790612415,0.455426356589147
281,"S1","L4","R1",41.3896083881613,-80.8446083466988,32464.4249418605,16751643.27,9096.0253996498,0.447674418604651
282,"S1","L2","R2",39.6184543259442,-85.4794638606254,51246.1340697674,26443005.18,12479.0716291452,0.451550387596899
283,"S4","L1","R1",40.7741938108578,-82.3891727325972,47175.1650581395,24342385.17,15520.7758893606,0.453488372093023
284,"S4","L2","R3",36.5139954537153,-86.7752545240801,53533.193255814,27623127.72,14662.3482636491,0.451550387596899
285,"S1","L3","R3",35.5383820612915,-86.4519845654722,31320.0669186047,16161154.53,9915.31673055916,0.451550387596899
286,"S4","L2","R4",34.1953606457682,-90.7287708895747,64028.6493604651,33038783.07,28417.9460245299,0.447674418604651
287,"S1","L4","R1",40.2103781099664,-82.1568098866846,33852.6186627907,17467951.23,11512.4928070149,0.451550387596899
288,"S3","L2","R3",36.782925278414,-86.4472471675836,51733.5688372093,26694521.52,12396.2455389412,0.455426356589147
289,"S2","L5","R2",39.3506791992113,-83.4691050902475,22584.3428488372,11653520.91,7464.61989063026,0.451550387596899
290,"S1","L1","R3",36.0584476212971,-87.1547892454546,36702.2429651163,18938357.37,8400.32394571066,0.437984496124031
291,"S1","L3","R1",40.6061610304518,-82.3405045648105,35688.693255814,18415365.72,7337.78113027208,0.437984496124031
292,"S1","L1","R1",40.271226689918,-80.7106798929162,35331.4013372093,18231003.09,8903.00454356199,0.437984496124031
293,"S2","L4","R2",38.5845733380411,-83.6302701102104,25107.1133139535,12955270.47,9313.0907823137,0.451550387596899
294,"S4","L2","R2",39.2543624561513,-85.2364767526742,67389.2734883721,34772865.12,18849.037848191,0.455426356589147
295,"S1","L1","R1",41.3822205835255,-80.4773372025229,36801.0644767442,18989349.27,10058.6653970774,0.437984496124031
296,"S1","L1","R1",41.4882300089346,-80.2075367837679,37829.4758139535,19520009.52,9258.55973935695,0.437984496124031
297,"S2","L3","R4",34.5172965916572,-89.1407330427319,29827.8074418605,15391148.64,9412.9632377078,0.451550387596899
298,"S4","L1","R1",40.2761193964398,-82.1901733418927,63125.3635465116,32572687.59,17349.3997531988,0.449612403100775
299,"S1","L1","R3",36.0376068996266,-88.8899363542441,42069.4430232558,21707832.6,12098.7082179912,0.451550387596899
300,"S2","L5","R2",38.8529032870429,-83.8784787568729,25749.7784883721,13286885.7,9662.53076959448,0.410852713178295
301,"S1","L3","R2",38.6124351267936,-83.7727843450848,34077.2749418605,17583873.87,8691.7502755301,0.437984496124031
302,"S1","L4","R2",39.9034692208515,-85.2129308194853,30475.6416860465,15725431.11,8481.5186192285,0.451550387596899
303,"S4","L2","R1",41.4244120007381,-81.4282007690053,63165.9206395349,32593615.05,15309.631286193,0.455426356589147
304,"S1","L1","R4",33.5798891547602,-90.2418708903715,34853.8212209302,17984571.75,13125.1611213323,0.455426356589147
305,"S4","L1","R1",41.1712241497822,-80.2061157606076,51946.0927906977,26804183.88,15008.7777828225,0.451550387596899
306,"S1","L3","R2",38.5301110137952,-83.466934787808,32230.8725581395,16631130.24,8796.8664496203,0.451550387596899
307,"S1","L5","R2",39.2819707695162,-83.2401727575343,27348.5938953488,14111874.45,9300.85569147867,0.447674418604651
308,"S4","L2","R3",36.6190917384811,-88.8304198111873,55049.5272093023,28405556.04,15286.9528983971,0.451550387596899
309,"S1","L5","R1",40.8691792701837,-82.550836768467,32111.1820348837,16569369.93,8117.32444786119,0.447674418604651
310,"S2","L5","R1",40.936898658867,-80.9706582578365,23264.3344186047,12004396.56,8881.88501916995,0.451550387596899
311,"S4","L2","R2",39.3809171862667,-83.4394049542025,58538.7731395349,30206006.94,17087.4140703258,0.451550387596899
312,"S4","L2","R1",40.8899321012199,-81.5850546716247,86996.740755814,44890318.23,19250.2846427673,0.437984496124031
313,"S1","L3","R1",41.3125743012177,-80.5666994941421,31624.139244186,16318055.85,11103.870825702,0.439922480620155
314,"S1","L1","R2",39.1891370075755,-85.0557789520826,41513.5270930233,21420979.98,11432.8780770391,0.455426356589147
315,"S4","L2","R1",40.7031312657753,-81.4537703478709,71348.5494767442,36815851.53,24062.2643280556,0.453488372093023
316,"S4","L2","R1",41.4647808639565,-80.888831691118,52729.3681395349,27208353.96,14325.0590859887,0.447674418604651
317,"S3","L1","R1",41.5207050229423,-82.4573614699766,41869.4820348837,21604652.73,12491.8271373702,0.453488372093023
318,"S1","L3","R2",39.7468329683179,-83.6426743755583,35347.803372093,18239466.54,10099.8320013029,0.437984496124031
319,"S3","L1","R2",39.8298491813475,-83.2948873976711,48218.4796511628,24880735.5,14665.730475163,0.453488372093023
320,"S2","L3","R2",39.9289668609854,-84.4177773555275,29336.525,15137646.9,10895.6669098467,0.451550387596899
321,"S3","L1","R2",39.3259250827832,-85.5256728548557,44324.6611627907,22871525.16,14263.2522821069,0.453488372093023
322,"S2","L3","R4",34.3842884757323,-90.2982825851068,29943.6038953488,15450899.61,9681.43515337241,0.451550387596899
323,"S1","L4","R1",40.3499821517849,-81.8376493935939,31150.8280813953,16073827.29,7210.86587294106,0.447674418604651
324,"S1","L2","R3",36.578821465373,-88.269357673591,51030.5751162791,26331776.76,18226.0533938311,0.453488372093023
325,"S3","L1","R2",38.8807311947457,-83.8308301337529,44893.5596511628,23165076.78,10193.0260122362,0.437984496124031
326,"S3","L1","R1",40.1573372140992,-82.0219450436998,47228.4354069767,24369872.67,16109.1883657487,0.451550387596899
327,"S4","L1","R3",36.8183958516456,-86.9166452737991,50322.3652906977,25966340.49,12924.3867898066,0.451550387596899
328,"S1","L3","R1",40.1592871669447,-80.9106366576161,30286.3877906977,15627776.1,7599.09468581133,0.437984496124031
329,"S4","L2","R3",36.0765324095264,-87.1732346389908,56444.9115697674,29125574.37,16054.5116816787,0.455426356589147
330,"S4","L2","R1",41.6556083947886,-81.8928132751025,56402.1106395349,29103489.09,15032.2763371791,0.451550387596899
331,"S1","L1","R4",33.6490194948856,-90.5454177823849,36405.8539534884,18785420.64,8576.92770710294,0.437984496124031
332,"S2","L5","R1",40.5866850927938,-81.6261026975699,27010.6009883721,13937470.11,8918.64997603783,0.451550387596899
333,"S1","L1","R3",36.1126225176267,-88.8685142186005,36043.4398255814,18598414.95,10170.3170128544,0.451550387596899
334,"S3","L2","R2",39.14291963703,-85.4634525082074,53586.6919767442,27650733.06,15295.491632618,0.439922480620155
335,"S1","L1","R3",35.6554431086406,-86.4418028364889,39452.9895930233,20357742.63,12687.0473144629,0.453488372093023
336,"S4","L2","R1",40.9373631312978,-80.0851615911815,68747.6697674419,35473797.6,20534.5954921628,0.451550387596899
337,"S4","L2","R1",41.2855354025727,-82.6267377620097,95624.8409302326,49342417.92,26078.1825902798,0.439922480620155
338,"S4","L2","R1",41.1904860017821,-81.1091297701932,60020.555,30970606.38,20465.7074355298,0.451550387596899
339,"S4","L2","R1",41.1946689554723,-80.8883989823516,61614.8095348837,31793241.72,17250.8405723728,0.451550387596899
340,"S4","L2","R3",36.6239263177849,-88.930539771216,56534.1201162791,29171605.98,16001.2072589916,0.451550387596899
341,"S1","L1","R2",39.4476833075751,-83.4316608377267,40544.4540116279,20920938.27,8436.66347338114,0.437984496124031
342,"S4","L1","R1",40.3029881259659,-82.863991695689,50297.0708139535,25953288.54,13115.3192761193,0.447674418604651
343,"S1","L1","R2",39.0646667397814,-84.0051393748727,40922.8938953488,21116213.25,12020.2182938008,0.455426356589147
344,"S1","L5","R1",40.4826246964047,-80.7640810720623,33194.2590116279,17128237.65,7683.28449676632,0.437984496124031
345,"S1","L1","R3",36.7802969729528,-88.7578305117786,41524.7903488372,21426791.82,12102.9329903619,0.451550387596899
346,"S4","L1","R1",40.7293651574291,-82.5409803537186,57465.0434883721,29651962.44,15161.7086103776,0.447674418604651
347,"S1","L1","R1",41.7716953073395,-81.6534044735599,39568.9175581395,20417561.46,11672.7442113884,0.451550387596899
348,"S3","L1","R1",40.7601424957626,-82.4410258622374,43158.9741860465,22270030.68,11068.4860374394,0.455426356589147
349,"S1","L1","R4",34.2475384889403,-90.6959382861387,43109.8663953488,22244691.06,13034.5095471508,0.451550387596899
350,"S1","L3","R2",39.2302343100309,-83.2953430120833,35118.475872093,18121133.55,10083.7326197158,0.453488372093023
351,"S1","L4","R3",36.2846625079401,-87.1123419250362,30772.6076744186,15878665.56,8961.82908038439,0.451550387596899
352,"S4","L1","R1",41.7446981403511,-82.0238535450771,46345.3813372093,23914216.77,17822.6280097329,0.451550387596899
353,"S1","L3","R3",36.1392842386849,-87.811624432914,32738.5337209302,16893083.4,10347.7496977539,0.451550387596899
354,"S4","L2","R1",40.3772195596946,-82.8794006211683,75834.5462790698,39130625.88,15644.4704677976,0.437984496124031
355,"S2","L4","R2",38.6618303202558,-84.0175415377598,26949.6287790698,13906008.45,6763.04300960553,0.437984496124031
356,"S3","L3","R1",41.7761220808839,-80.1151146874763,37612.833255814,19408221.96,11074.221107462,0.455426356589147
357,"S4","L1","R1",41.2369115796871,-81.0172385375481,54542.0969186046,28143722.01,16236.6300832337,0.403100775193798
358,"S3","L1","R1",40.8121570247458,-82.9738477426581,45090.4174418605,23266655.4,9787.6205333884,0.437984496124031
359,"S2","L3","R2",39.8079982355703,-84.6302408920601,30614.7065116279,15797188.56,8664.87455481111,0.451550387596899
360,"S2","L1","R1",41.5199340439169,-80.850158453919,31436.7926744186,16221385.02,7851.3323280789,0.437984496124031
361,"S1","L3","R1",40.3444889741717,-82.9154536705464,33521.8637790698,17297281.71,10459.0221329094,0.451550387596899
362,"S1","L3","R3",35.6580113633536,-86.6685072258115,34065.9205232558,17578014.99,10303.3824456033,0.455426356589147
363,"S1","L1","R2",39.4191694734618,-84.4415117634926,41357.3937790698,21340415.19,12445.4650674849,0.439922480620155
364,"S2","L3","R2",39.6898362516658,-84.7614809272345,30277.2246511628,15623047.92,8645.03470322041,0.437984496124031
365,"S2","L1","R2",38.5342820251826,-83.5183491492644,30750.4290116279,15867221.37,10437.6916804352,0.451550387596899
